vcAgentID,vcType
RKH0vV9CJ7Kz9a5Y,CPL
tHNhNMsap7Kse3CW,Enterprise
yGOXvwNdC3Z3qtfv,Enterprise
OdYxO1O3sU3l30Uk,Enterprise
ss8wlq94t2AXjs5l,Enterprise
nE24fHdRkNC9GiSh,Enterprise
7v8Gaw3xhVc6usxU,Enterprise
Psi9zkHxQ88wSgjH,Enterprise
uIyKesuaV03Z0vk0,Enterprise
qsJanizRyLlBUhu6,Enterprise
4QMKu8xPHyACdmra,Enterprise
Xvmr0mFlA8Yc5mlt,Enterprise
Ze53EZ4YWl37JcET,Enterprise
HqrrjYnOfCf7MEBK,Enterprise
1JTJzVd4Q4LN5EoD,Enterprise
o5CzaG0zXz5hQkQZ,Enterprise
wYNRTctYxjQOwPQL,Enterprise
HxZhsFD28uYbbXIP,Enterprise
cCcVK9c0yZsb7Un2,Enterprise
UTk5dqZvSpebWpzp,Enterprise
KHkRA2pJb4i766vJ,Enterprise
tDp7mNZZN2SvhH24,Enterprise
Wa11uhU3z4c2KMMX,Enterprise
dI90hiniBYk4Xh6Z,Enterprise
6VUFVP3FFpm59SCY,Enterprise
FvAMvxKGLs10RQtW,Enterprise
sUJkfm6TwnXk8Of1,Enterprise
rO0ivJ4M2JoN766h,Enterprise
p8PQW9lK7EJEDR1i,Enterprise
nasCQIZV56J5qHjn,Enterprise
BPZafGdtZYupKQbZ,Enterprise
4KZahEW44nqNTe8g,Enterprise
DAJzvWYebdyeQuzt,Enterprise
F31SDhEKTtmKBQm1,Enterprise
Q06vyWiEe4UcvoxF,Enterprise
JoBatTKou86lhmmo,Enterprise
9TnC3VBlpG1isWNP,Enterprise
Wk7qWwAW5doi6gCl,Enterprise
SjGnmpcsYQeYvz1p,Enterprise
v2BqMtOmpxKMWNeD,Enterprise
BurFzAp7HBZfy4wV,CPL
uHM41s1wSxNs4RzC,CPL
ja8sYnjD3wdJuMhY,Enterprise
EPBlNxrVxUR46WDa,CPL
abcYle7nXHiDE16C,CPL
SbZ6RaeXJ2S6vLSG,CPL
BPGgCBI3WEWcMVBE,CPL
EIzlUcqpjnVltZI2,CPL
qBIo2eFLX7d3FJO5,CPL
1tJ5Zow0lOB7z42t,CPL
1PmQkuZRQIGIbKsV,CPL
JIYOffWGcEiUg8D1,CPL
WE5PBC75Gac1hPLn,CPL
Zl5QyJp8c0F8JOSU,CPL
adHuDtImnPeQPOa8,CPL
OKnqeydp6iCtpSac,CPL
jGb62Y93vkVH8vYD,CPL
BR41OuC7MHv4Ympx,CPL
Bpvg0x5UfNbmZe6M,CPL
eBz5VPia6paVTClX,CPL
PphHBdDJ0ae6YK3k,CPL
maapsult8os0s7m2,CPL
BVg7CW5Cjr0iI8z6,CPL
RkPoOR2NMV3WFgyS,Enterprise
1NUmFtUPcLStjuUN,CPL
DAkuYZyRcWzKAsYK,CPL
1ogeRlPi5jb811uE,CPL
TMxwqCsCCUKs41ti,CPL
Rc9aUXq6KthRCzz1,CPL
SVWlXrgk0fiBO4lN,CPL
0JZvy5tJ3pulc0Hl,Enterprise
bLF8rjy7uXnVb8JP,Enterprise
LWVPuvDYKbMqaULR,Enterprise
h4DtbY38UtmAnCZD,Enterprise
Vvt5XpaiSlV29wdE,Enterprise
mKeErDAsFq0TRrZ4,Enterprise
R8czSbTTksTUT3wM,Enterprise
tOhc3WIiFrBb19Yn,Enterprise
QRC3WxP3TGSergu4,Enterprise
2AXWekvElI9oTSUZ,Enterprise
LCwlgImXBj6vfUO2,Enterprise
LKbSUmJi2eI4867P,Enterprise
tRAr1KM5Gov9lVC4,Enterprise
V89hw09q2lu35upp,Enterprise
ilPrGK0EZltIOY8d,Enterprise
fiWjUtWADdc3r81L,Enterprise
cYFHWGEH4Iq6e5G7,Enterprise
xqfOoLMu6QQD2ZSy,Enterprise
xhrSboLLRzecKxKh,Enterprise
HG6oItTQnuGgMQok,Enterprise
MjcMj0bnoWYgVF62,Enterprise
YDWdVgAmDTaza0OP,Enterprise
OVT1ZacKDKSXJBgL,CPL
f4mDPmG02CT8yIX5,Enterprise
x75vBS3gWO0lXOMM,Enterprise
RiFbnJPZRV9D9s6h,Enterprise
80Wj3CCccKU6nteS,Enterprise
XvaA2k43o5LYaeCH,Enterprise
URQdcEVq2veh333D,CPL
2isd8m8piDvvFnn4,CPL
uCsWMD83U5aKRsdN,Enterprise
X2X3z9N6X4RxReLu,Enterprise
3qj6hAMobJ1gut3v,CPL
F8XrtmCMEdOlihLy,CPL
bYYOIV9nOMCgNnDo,Enterprise
JVAhhWZf1uFcrYfQ,CPL
bUXJ20ZipAifuWFx,CPL
KrjBcur86l6jkHJy,CPL
8F84Ce49PcELpUdB,Enterprise
cUoyhxMyWOhnhhd2,CPL
KUcwZVmSIL5RMJ0V,Enterprise
ca6fEWYDtq72i1eF,CPL
ebBSJdg5GcVKZG7X,CPL
lzZFFJ7Xyz6dHFav,CPL
1PZArCANRrrRSABI,CPL
bKi4Xh2rA3wo40JG,CPL
oD4JcUdXyQjRxbrH,CPL
e6auAAbDbxxQtYOT,Enterprise
MZ519bG58oXq7kO8,Enterprise
i14IpdptTPFZQnAo,CPL
Ag1Zyx5Qtjf7MgGA,CPL
x8C791NO56YAoZR2,CPL
lo2SKy6lmRtrvyQ6,Enterprise
fZJYDtNqBoN1rjjl,Enterprise
3ryjwKxO78VI06A0,Enterprise
JjNTuNz0kwi5TrlH,Enterprise
RkPoOR2NMV3WFgyS,Enterprise
80Wj3CCccKU6nteS,Enterprise
4sWA3UU1Jo2x0a9w,Enterprise
arIt9zIahJKG5pRy,Enterprise
WnARh1BEF29o9cxi,Enterprise
Bff25IRy7QfF1G2y,Enterprise
maapkyqn0wpf79t6,CPL
6Aj2vOeGJ20Enc94,CPL
T4An2xKNoxS9xsC3,Enterprise
vr8BSnARUc5LypjQ,Enterprise
E7EpaqQj2gwC8Mrg,CPL
FViCQcv1MMZcPbc9,Enterprise
maapkuaa6v82uky4,CPL
3Sgzj0xFRe7zmI7x,OD
maapvb2azro5aze1,Enterprise
BoffE49UBa4JZ5Qa,Enterprise
ObK7S3cpRKB2qde2,Enterprise
maapINPyrbmkrfz0,Enterprise
3EVAU7wY6zoRLIHl,Enterprise
D1ShQyxOPE7Tmqbi,Enterprise
udIZhJUoA9VN6cR7,Enterprise
EAyrDXM0Y18Qe162,Enterprise
5vcYzbH2F5j7BXra,Enterprise
57qQfrSsw4W8f5jd,Enterprise
LWWv7EYkSBUOdYd5,Enterprise
hSWFcbOQMSU2CNli,Enterprise
VjUcRbis9xEnGWC2,Enterprise
BRHXgROeCgNkP3T8,OD
o1MsTJjmQHuQStQX,Enterprise
mdFy26Pr2PtKkOao,Enterprise
vKDWjA0h8JFqhlGl,Enterprise
e28a3z8GsEaZlxxY,Enterprise
NoIZZMTDUQvRqakm,Enterprise
joOs4eLHFjzRIvto,Enterprise
U4qpUYBtbw0aXh68,Enterprise
qlfuO0kqTASnq72o,Enterprise
TEvs0N39zhDrR5N4,Enterprise
yh3eRrcp69uM23Ac,Enterprise
ZVQqR7bn5WLl5wKN,Enterprise
6DgS0AxX2vGS7Q83,CPL
F8XrtmCMEdOlihLy,CPL
bw7h2zVlJGyXgVne,Enterprise
IFo0jE6acgjkBkti,Enterprise
6N2V7geK0yQHYF8L,Enterprise
GJ5maj44SigKNXpi,Enterprise
xGeqH5uq9utHz3JX,Enterprise
6Co6kifgald3xD48,Enterprise
uD1MlaK72K1fdigU,Enterprise
TSjJcfd8kALwNNIY,Enterprise
maapebjzz74f7pqd,CPL
maaphcxmv0gjlmrf,CPL
maapf2xzf8h5zklx,Enterprise
maap87clp086lu1e,OD
9dag11OUE6xpQ4GU,Enterprise
pNFSQUdHXT1AyYIj,Enterprise
kQSrK5WE0LZPTHj9,Enterprise
HFlsqMiqYx9mX2h9,Enterprise
zxgPFeitMHedfsPm,Enterprise
oDBg7ckKyDHXn247,Enterprise
k3Q6ZNPszbdt9I1c,Enterprise
Jj0uzv6Uix4RXKu9,Enterprise
maapd9ojfn11xgt5,Enterprise
1jltePH3whCbqUsI,Enterprise
jvAu54RTI4xQVqhs,Enterprise
maap0quq2auikett,Enterprise
GnpODc9TO8hPVPjl,Enterprise
W7Z7a5XyyhswexxV,Enterprise
mVWrSA1GvMIJvSMz,Enterprise
JvRoBbHzAt6SkOLQ,Enterprise
maapmi1iqyipxjoo,Enterprise
yFey5BzhEzRGykrs,Enterprise
0TcRL3EFS5dDZ29Y,Enterprise
b9HiBW2VSXpFB6Gd,Enterprise
HOieDnnXR5JlF1p4,Enterprise
I5P2i53ic2Cwc2EG,Enterprise
4algu7vifaaiwvd1,Enterprise
ez4m74k09514homm,Enterprise
0F1UD4Erhy22dbXV,Enterprise
maaprkue3hgjzsmn,Enterprise
SCR92MXCu0nY2J85,Enterprise
iHnKfnrkWbmI7t5K,Enterprise
6ZSAuXsHY4EPmVTB,Enterprise
reMmyDfX9Be4NHdI,Enterprise
LToWw9Tcdzwaku2D,Enterprise
BBN9lB3C7PevqFvi,Enterprise
GRSHwGjga4464O3N,CPL
JxCj2u60N8HQMEri,Enterprise
WOE5JZmjpGJQc3Y4,Enterprise
ygX9a2Q9ZMu5hpL6,Enterprise
Z6u1wkkWNe4gdx98,Enterprise
RJSq5miFR5RzHhs4,CPL
2ZUe2TwrI8frBsoT,Enterprise
b8bIZoyEOeIJ78v3,Enterprise
oEorDzyk65iLWeP2,Enterprise
i1gDchwx2KwLyejJ,Enterprise
w1t3cxL33cBc6w1W,Enterprise
Oy8f33ywE8vi84Yp,Enterprise
qpdZiufB5JbZE85w,Enterprise
jAeFgUhKZHHPO3YF,Enterprise
dYuaWbhRsmXz9013,Enterprise
Mg7dWduNvWdLOi00,Enterprise
yyPEGFrbK3wWLDKJ,Enterprise
0bnJOpxVpknfPwMX,Enterprise
Ttf4OUVK2Khapic0,Enterprise
IEZi31bh1te0vFYw,Enterprise
AvM7AHT2L69Y0Mjj,Enterprise
9VNNgo7dCf6xmUmy,Enterprise
xM6GClqICNKG61JP,Enterprise
nBtbW4sOgQCeZjm8,Enterprise
OTMWMj4rAemfo8Cv,Enterprise
NTnmX4edCaDxzoph,Enterprise
Ro3kPgLoc99UH16E,Enterprise
sWNlZvAA65KeXlvd,Enterprise
T8473BBRmBudce5X,Enterprise
gXJG8bUa7R2vVoXy,Enterprise
SRv69wHs9DwcunHe,Enterprise
lIdLt9C3IN4DgPbE,Enterprise
yW3PKuwuKjMNDEX0,Enterprise
lWEaYZZZveW196Kj,Enterprise
DC4C2HSmbrsEx7cm,Enterprise
RGxTwpv3b0sFEeQH,Enterprise
RbFDY1QffcaPUqVV,Enterprise
V0LwDG63gb2WuBab,Enterprise
xI3dTiLN24wKC35m,Enterprise
XJD6jtTymxIpTFvO,Enterprise
rv7blwqyGUAl4H8n,Enterprise
sUe23C3HyUx9hJKi,Enterprise
19Dsp1Qg1zNroOXj,Enterprise
FfEVnPceP30KMf4J,Enterprise
Bpv3z5IxTQMD3bn4,Enterprise
gphNodifsOWGWFyG,Enterprise
dZnZ46oqbO17zYkB,Enterprise
CrSQYv6ogH0X1cnB,Enterprise
zAgb4T0j7kaly8bE,Enterprise
qxxT1C6UtdmpAdqn,Enterprise
eoe9BX23FmKP8unO,Enterprise
iVIvAZYIyxAVZtrY,Enterprise
FLanLeemOFxaWDd0,Enterprise
Al5mvHtvcFjO45bh,Enterprise
ctB59Z1POT4WXCCq,Enterprise
B2jaumS5TcN86IX3,Enterprise
WlgTTkenUQz6BVYX,Enterprise
8ICgo1jTMIG1e35z,Enterprise
E628tyzr2pkgWxO5,Enterprise
sB8qwocWwjJK9wqd,Enterprise
niQ0mnco6s77ClrW,Enterprise
XSLUqpUjMhotjjNA,Enterprise
sKJ334YW620v8uD4,Enterprise
XNxRIHfns27nqVdn,Enterprise
sEqsTtNXaxHIdITm,Enterprise
K4s4pbgeopQp3jwu,Enterprise
NpMv5OQ7Of5Ht9LG,Enterprise
3Wdj6iLZpysxDZti,Enterprise
4e7x7mnW4YDlkXUd,Enterprise
u9nOrGmSs7jkQVm2,Enterprise
qqm82cJvIJDQAJgv,Enterprise
5VNeo04yI1LwoyCd,Enterprise
mfN8TSREqCLNMx8m,Enterprise
kzdbRFzy8wXuH3Ej,Enterprise
AIRWGn9XCjlQ6p4U,Enterprise
w6jQ5KLZ1e2TNsPQ,Enterprise
AMq8qMfKTb1Lq0ri,Enterprise
hC4DNHSb4FqOV2FW,CPL
xsVfoUZ8ZQPHRhRj,Enterprise
5LBG96bl1JDd1k9f,Enterprise
qpcBYkP4MUgeV3Ci,Enterprise
34KyjigOgdjYBFB7,Enterprise
Ed84ONK8J5w7pg4B,Enterprise
nJ2o3loDAb7wX1cx,Enterprise
eEZI2Iom6zdQesVI,Enterprise
EeKwW5OaJ2EeJNn3,Enterprise
nN63rNFaD0BALSRr,Enterprise
DOMhi5bOrAB283E6,Enterprise
03T9QOSsfug5fQmC,Enterprise
4gpW7atYhAWjzRGb,Enterprise
JWUDqJidiMRoPftK,Enterprise
nrLXn9qvfAE3FBYm,Enterprise
XS82HsZpt7rrqwbG,Enterprise
GtxELhDiaVyhkgRw,Enterprise
iEPA7FOqNWuB6f6I,Enterprise
voqteA85QR12qEjg,Enterprise
186G2DgdYNFXCt4T,CPL
PoOavclk5eJH9dFW,Enterprise
oFDmgHuAgEbz97NP,Enterprise
e6PkxTMJuOwmD0yd,Enterprise
xllkqQu4N1Z6B7ll,Enterprise
wb8dwnKKQUoiEkNO,Enterprise
Ruz3JH2bQ0rysJSh,Enterprise
8M1Onz75eO43NxPz,Enterprise
nUeUshGDIe0cAT31,Enterprise
bYzMPKq7vQUwvw3l,Enterprise
CaSId6tNUU2HmjVw,Enterprise
CnIROIVd2XaZ7TL6,Enterprise
8HTSdUy3FKuQZ9zO,Enterprise
ZqtzYm4QkrRCxeA2,Enterprise
92W8UPIf6gHLVq8F,Enterprise
lBeMaq1lB8Nu5G3B,Enterprise
7Hno6pSEy3eXWH27,Enterprise
y62YYKIdvkAPP56S,Enterprise
O7WWMHj82CGiMtBo,Enterprise
aGl6H31pGx7OeTPR,Enterprise
yq9bbftromxjgiw3,Enterprise
t5EVWAw4w9mOPMGg,Enterprise
oP7bmPpm2DKNHRAE,Enterprise
OsCZO3axwv4Iti75,Enterprise
ohrYzy0Ljj4NMZX8,Enterprise
Cf6uXJieYJhMJMI9,Enterprise
2qa06N8g5LjuP9Ak,Enterprise
ErC8LyjDt4pwaz9S,Enterprise
voj59W3j6P7Wn8n3,Enterprise
42GnUuwSGCk3JWdy,Enterprise
BJAEOVzYZlBiUpsM,Enterprise
xRgyOUzNPHv2TBpy,Enterprise
iBKC3r5zHvRy4FrG,Enterprise
3Ly08pRxjytKLBfx,Enterprise
x2woPOyauozf1LKa,Enterprise
IuGJdHkPZFAnSb9L,Enterprise
tDJ8W14wFUEkrty7,Enterprise
2cD8eGXwOi4zI8r5,Enterprise
GGEhIsYQ96yeiFsJ,Enterprise
snB3mKDxSm2vXsUd,Enterprise
j9WiU4C17sM2ikwR,Enterprise
AXOxXZY8FvYoXbAM,Enterprise
8UrezweJVAhzlPIY,Enterprise
R7ZB0StnlGdSTVCj,Enterprise
skzVqpKIVc4Ku4Ct,Enterprise
b0VdHSbU1JksA5uK,Enterprise
VLp2FLJ082L25kjy,Enterprise
vdncaNwZdOwMsXt8,Enterprise
iQZZsy8AXlK2qTjk,Enterprise
3V4oJeFRIhstL5uB,Enterprise
7f4oPm3T2SJDs71U,Enterprise
kk92l0mRLEhSHiAQ,Enterprise
VVk2DA70bLDWZKIy,Enterprise
3vecl5ZPBADAJ39Z,Enterprise
GlDBv7dW3rdOSYc9,Enterprise
8bgEEpCVmQMoPnS9,Enterprise
fL7gDGJjxWiGij05,Enterprise
GpNBSvoW5Pn40NIu,Enterprise
8Iodz4jdwmoWg5nk,Enterprise
tPwuwwYpAZjSEfqA,Enterprise
V2QoBFuP8w3a03p4,Enterprise
cZrx3v0EWjs1TgTp,Enterprise
CizL1kth73HvaxLH,Enterprise
o7WOwZOVZzULFhdf,Enterprise
Qbc1sXDFa4uRxsai,Enterprise
uaupgPBpRqxpN6ap,Enterprise
SH1oDVjQl9hOzgyA,Enterprise
AeApjO6wUhJ1puAg,Enterprise
tXKOpOteP2xYSMtx,CPL
bIcRojQD1MXrZpy7,Enterprise
9UNRoDMMWIs357ih,Enterprise
zFyqLh7Ux54T1m2N,Enterprise
x86A1DrykXBPCgcu,Enterprise
tQ6y5Stq8KWW2cZ6,Enterprise
F9VmgkxXCUZ3eXTE,Enterprise
kCEpuhP0YlNYpm4p,Enterprise
ZXxal4XN8o2Rh4vB,Enterprise
6GeMv46QXUDHnrcQ,Enterprise
qASDiGMVfbd5CJdY,Enterprise
tj1GwWQsbcdC0ZWH,Enterprise
2SwV96z0c7mVzEI1,Enterprise
I2S7NsVrXiGmMs4B,Enterprise
TbuahN31xFcmEO4v,Enterprise
7j7SRkoVo3DB2FOK,Enterprise
V4j2pBGvsnwZ5Daf,CPL
wvzoVJsmGJrhezaI,CPL
mZXF3NLeaSZ1Q5fe,Enterprise
r2kXQolZRjF8TODR,OD
4W4ydsGolrxXjZE6,Enterprise
vB3OdNOYQuhPloso,Enterprise
8ZIRgKt8VsmlYGTY,CPL
AUpf8hkhBedPKato,Enterprise
xmmG5dWOW1Mh5qNg,Enterprise
d2pHXNW5FAW6P7nB,Enterprise
maaposmo8ka7lq7k,Enterprise
maapINTl5sky1pft,OD
35GJO1CthIvIha2X,Enterprise
9IiX9UtzGBlARVXO,OD
RqDgCm01G4Cx86BP,CPL
E7ZN2xAn5Eq8qTZN,Enterprise
nH6PPuU7KmH5py3a,Enterprise
Vg9zZM9ixo2nGYbw,Enterprise
Px0vdoAh8LWMgBHO,Enterprise
v9u5v4DQcRzYcGoJ,Enterprise
lHY6A0u6SRN8jeP6,Enterprise
9kAOKkqMGp7jp8g9,Enterprise
OxxyKgWE2Oldy0uZ,Enterprise
5UrdFZVWUJ2vFpJC,Enterprise
vO10hOyHzRUHaYbV,Enterprise
FGtrnzFuzfaMqtx4,Enterprise
veh1qxyrePH4EHzB,Enterprise
Uissvb4HG7i3vxiS,Enterprise
gzaJOyb9nTjvOF5V,Enterprise
1NDFp3Ds82uwTQ2Y,Enterprise
QHF2SIQKKyLygbhZ,Enterprise
Q7C7HfKXcguIcVdA,Enterprise
nMKamkFD5swPUmbv,Enterprise
n0ooQQtiyyoT9mHN,Enterprise
3T2LP2ejEnUu84v5,Enterprise
HGnhfqU58LoKb55t,Enterprise
kjzNl6egZueBSCl1,Enterprise
CdUxV7isxfiNwNu3,Enterprise
HZXAXEmJKF1lhpNF,Enterprise
Iiy3wsTJxTvqrrFP,Enterprise
VF3Ux4z1LodbIddX,Enterprise
zNnv95l4jIHomM0U,Enterprise
NcPkB69Wfu5LUkU5,Enterprise
y1YbKWxFGWtlKldW,Enterprise
QjYCUq2718bA3BGO,Enterprise
iT2f3UQeTKykkbDP,Enterprise
06sK68jgGfpLOkAd,Enterprise
bl3y7cnB6R1ITNh5,Enterprise
hYTBzr3ikr8o3L9r,Enterprise
29PfZkbqhGdrG1VN,Enterprise
YOEKwj8H81vNq61M,Enterprise
wEcVT33OAMaurNrv,Enterprise
Zc2haNejSyjwZApS,Enterprise
rl5446Z1FVYYm3Pm,Enterprise
DoJq0W7woe2ItgvP,Enterprise
rupukEt3QmcVTzCx,Enterprise
eQIJfPkZhU1sqUU7,Enterprise
WUiRcScZ7u0TqjQF,Enterprise
rDxst1QE254Xz1Z6,Enterprise
b39lGfGWPbJlycjG,Enterprise
D2f4FWppoJdfYAxO,Enterprise
bUdpmZR6SrU2sCMD,Enterprise
3xTo3qEu2UQUwmca,Enterprise
wsElhCBg25tK0xAy,Enterprise
Ic11066jiD10QAc5,Enterprise
IyIghsMSjG3Onwfx,Enterprise
UlkVzKwVUzoQTp1N,Enterprise
lb9tFeA6YoAq0t5e,Enterprise
Fgj0FcvQ44b0Pv0K,Enterprise
WcWFYqs10lBFiH78,Enterprise
zyjMPQIuTOEOrLaR,Enterprise
9unGo0bqabsRCffM,Enterprise
177AByDYm0I9aisv,Enterprise
tfQTec5tnlE2vf6S,Enterprise
1ggvQyBHb6b426J2,Enterprise
dh8pgsezNOTFtl1B,Enterprise
RDVf9VdkiwJKFYG6,Enterprise
rws8DnkT4QvK3bE6,Enterprise
EMEOE4c4lsEuEoVQ,Enterprise
9gEgqHIX1GKBy0DY,Enterprise
5mpnWRA3Uf9PPsIi,Enterprise
BYHY0fSBbmI0IuM6,Enterprise
oPLCeDxAWoYeTeuv,Enterprise
OYJBSqNTsxc5v9PC,Enterprise
eX79OsBndziuXS0F,Enterprise
IlOTl86E5kLXZbFj,Enterprise
xlUUtWKeTw7NlVVo,Enterprise
rGme4Ajlr519O3Vp,Enterprise
dzLHIv0UTajtz5A2,Enterprise
aZeWWSc9NsvzLfwk,Enterprise
q0a1qN0HmXnvp4mc,Enterprise
7p34wQVjXAmnZIp3,Enterprise
nWQkFRoSw7VaeNKR,Enterprise
rxsmWbMRT3DSGcOz,Enterprise
N12zUFpEPVT8BOj3,Enterprise
QJVtIsOl8s8R93mu,Enterprise
eb7QkodSMb3JwAaG,Enterprise
45G226LKSTVMZLEJ,Enterprise
m3TTgaFSkDHad4fT,Enterprise
LJUD5ZDnMInwdZ97,Enterprise
hItB34bQjikupOYW,Enterprise
6Lq1ZLstxQvRnjWA,Enterprise
39V1X5Bcz8rjnZ8e,Enterprise
McwE27OZVCII7uCS,Enterprise
W6TFv9tpTnGXbDxd,Enterprise
gQx1wpB8GHl255N6,Enterprise
roqiGHp8J5I1UiVR,Enterprise
F4DaRyqWp7cPjl47,Enterprise
NdLOFLTjlJAN8xI4,Enterprise
O2VCOWYGp8BxJ1KG,Enterprise
2QI4H25a6KTdo4oB,Enterprise
QyT35ttk8oDpe7JH,Enterprise
ALgM6CCE2gK4oVpP,Enterprise
7Kntor3y86VDI8H1,Enterprise
af2vdbyFh3RX8SrS,Enterprise
YChB5jlE5zzL3ndG,Enterprise
DVM0Gd4daOmQ15dn,Enterprise
LfWRTy5dd8EeLirS,Enterprise
Vp9O0hjmKwl6zQ78,Enterprise
sSCxNeTiCfLC1t8L,Enterprise
nbcgnt3VFSRYhZE2,Enterprise
MIPcTzleoikyJB0H,Enterprise
dUtLnvi9C42JmC1X,Enterprise
uZ7W2NMnlVucso2R,Enterprise
9jfA44X4vijfX1lO,Enterprise
pVJfRcNddbWtsiOu,Enterprise
X4BYzCMXPFVrlX77,Enterprise
Zg972W2wrI0xBcZp,Enterprise
F8StmJ6YGHutPg55,Enterprise
uvCova23iSwRJ98N,Enterprise
dHE1to4LrC9t133q,Enterprise
feFIwPAjHPLSzKC9,Enterprise
fdHSsIVUfUwXINCt,Enterprise
wF8MKMxAXOb01O8D,Enterprise
Dk8m7Q1HAXecNpb0,Enterprise
CBTuh9HRoQQfgpcx,Enterprise
maapg32ibsbwdp9o,OD
maaphzi23qaz2kdj,OD
maapznhtiq6pqon6,OD
mappbop7ayupqjcn,OD
maapc38dkb1va0hc,OD
mapp5p7d1ju5nn5w,Enterprise
IdlJbAfCWGPcycd2,Enterprise
tM8nHIhHX7QJY2qT,Enterprise
I8R2U585MMAj5Ru0,Enterprise
HryaswcM7P8C34BA,Enterprise
maapkhjaftch76yv,OD
maapi89sm1dlxdj9,OD
AqaoR4ehgwI83RnW,Enterprise
maapibh221h27pk6,Enterprise
maap2k7up20ywvzw,Enterprise
maapvpoj00ly44u1,Enterprise
maap9ga9bvs1pyh7,Enterprise
qnDXlsMAZi9wRcNo,Enterprise
zMRq5JpRlm2Tud5d,Enterprise
uZ0At3bZNK30yHVf,Enterprise
ri9JT1bhUTpf6Nti,Enterprise
maaphryows84l46v,Enterprise
maapudpeijl77e3k,OD
maapmx5sozspo0cz,Enterprise
maap2kotupcvwabj,OD
maap3vlgsytmadyy,OD
maaph6n3ed49bnji,Enterprise
maaph6y1hx7ri9zv,CPL
maapw55uahqt1t5q,Enterprise
7Rj6DfU7ECbNShVh,Enterprise
iqwN6H931bm8KLdF,Enterprise
UYtKYVBFM8x9Syon,Enterprise
7PGgtL6Vd61SWoNh,Enterprise
maap0dxqe2va4v3g,CPL
maapuvdbed7ssx8l,Enterprise
maapmlr6jrgtktnt,OD
maapc5pvegwbcmts,Enterprise
maap5dvdan743n2g,Enterprise
maap2tezlzdgi9li,Enterprise
maap1vd9jy0prw6t,Enterprise
maapkv7ljcvf6h11,Enterprise
maaplk669043dkjh,Enterprise
maapdx13uq3d8873,OD
jC8fbcWXfCFR8liq,Enterprise
mEmrz2wip4w27w18,Enterprise
IkSv4cGsc9rfjAQi,Enterprise
hdMmYylhA9al658c,Enterprise
omTSVKG7Nt3YN20c,Enterprise
40h6Mk7KrPRb39C5,Enterprise
Usv2EsfKOsGX4ejG,Enterprise
1FPOk0OPLrDMsQ88,Enterprise
MMjuMyLKLupGwPZe,Enterprise
CzZFR52jboteiL30,Enterprise
lMk03fwSUU43PLt3,Enterprise
yeRmGUXuDxypGd9a,Enterprise
maape0ekxdqxhcl4,Enterprise
mappwqkbf53htu1u,Enterprise
EvfQ5KJhVqKFbEFv,Enterprise
8qsoCwl93H8MSaHv,Enterprise
nV3lwO1O1844tblh,Enterprise
9PM4STYQbquXwAu4,Enterprise
maapwd8op2hxvwnb,OD
4pPUHPiAQ2hJYLtV,Enterprise
yZaB4NzMt2WmYpFJ,Enterprise
TBMKWubnNioSaFGw,Enterprise
hFUx7FkR3orz3ytE,Enterprise
maapqzbvly97tghg,Enterprise
maap48nnrfx29o6x,Enterprise
maapzibdte4u2r5a,Enterprise
maap2e27a3328u9h,CPL
maap861aio8hpyg2,Enterprise
maapbtevarz8xhkq,Enterprise
maapwdujddxebpcj,Enterprise
osskWfpHEo7BSx7n,Enterprise
p0tciHkZyI7ICMe0,Enterprise
jZ6Ify25bUiGTGtQ,Enterprise
VHXTRlT0xvz8j50F,Enterprise
6elZkIiXIqzcazYR,Enterprise
P1ENmyyknUjLktIo,Enterprise
AIHeDq2ddpA2XtlD,Enterprise
8yUTctZB7ipjt4AK,Enterprise
mapp3gkp4eqf1snw,OD
mapp92lyi13nvb47,OD
maap8s3t0rw9jyvj,OD
maaprf4actpm13wy,OD
FGBfcsAs8fhxcdFX,Enterprise
maap5u84xpptjmoi,CPL
zlpiwztl7oej04oe,Enterprise
F2vh5JIjUx97td4v,Enterprise
kua3t1k1IO87w7A6,Enterprise
7VTUMDEmaHFBk3dK,Enterprise
P9ntpIJem9zT24ay,Enterprise
xyBiQgST6DAA084M,Enterprise
z0LwDrLjSqdxCFM3,Enterprise
8dXAGjM62j3Xq532,Enterprise
uQ8xclejUWY0Swn2,Enterprise
KYlw9hiiLRrzITmA,Enterprise
pPX8ZJFpKMQIb2CI,Enterprise
btFqulxSQWxAb4Eq,Enterprise
TP7dOsKUAv4hWGTb,Enterprise
maaprindulg3d41t,Enterprise
maapz23496v6co3n,Enterprise
h5nlGcS26Hx3MIGM,Enterprise
2R2ojdh4u8pyc5Uh,Enterprise
twWL4rcbkmedUgW3,Enterprise
YFZVBWwjUQziUs6D,Enterprise
qqLiPG7dmHPKaJ5Q,Enterprise
LsYrufGH1Z8wqQlR,Enterprise
x3HVFGbcE1v73jXT,Enterprise
0pFADCljBl0E3Xyn,Enterprise
maapc2set31pot7t,Enterprise
maap788w6runxqtu,CPL
maapzavetf6aifus,Enterprise
maapq6l6a0hlv0ct,CPL
maapgpwgqd9n7vzc,Enterprise
nZaoZCcti9X7WcUU,Enterprise
T2gOaMe9kKxtuDsf,Enterprise
iO5Vyz6ISwXutmVd,Enterprise
biOXZvurCMY4gOZQ,Enterprise
7h5xvxPEkWwJE77q,Enterprise
nXvCEO64aBfNvdqz,Enterprise
1KcBumvtLNepQXIm,Enterprise
NuoYpAweajcTgXOx,Enterprise
aLD0uS1eLW2KgD1x,Enterprise
fwU3Ez4HtMXDi88t,Enterprise
75PkW8KI6Rnllj4L,Enterprise
maapd1oug82t048y,Enterprise
maapujdlaw0px7z4,Enterprise
maap8jepxpa8ttns,Enterprise
maap1pvnurqfoal4,Enterprise
maap7e1g425z3v0r,Enterprise
maapm05voath7d14,Enterprise
maape8z02iqdhrja,Enterprise
maapuhewh1g70aa6,Enterprise
maap1z8ntycc9hgb,Enterprise
maap7ce7ztnwjxp1,Enterprise
maaptipycpyh0hk5,Enterprise
maap3xme7ouogmsb,Enterprise
maapkw9j8kpycv3j,CPL
zlpiwztl7oej04od,Enterprise
IlkQtExc166zashF,Enterprise
U1UjBg4WHKuZv5c7,Enterprise
qNx1srnadmS6tTqM,Enterprise
LGvIC88mguR19XN2,Enterprise
maapt2wnddvs1ogl,Enterprise
1E6BQ7PvGqrYonm9,OD
cGbAQjIfCe9zQtn3,Enterprise
tCDcUwpz09bB6oq8,Enterprise
k5TtBrGIBOUQqbRa,Enterprise
spT34cQ1tnaBvifa,Enterprise
El3btDqGcaaqpGn5,Enterprise
h4CM7kV9V6ypSoKK,Enterprise
maapb5jjvtgy2nzu,CPL
YRmX1OtTGp32x3dQ,Enterprise
9xnw8uwluFNKkrDd,Enterprise
os4WDmTXS3v187v2,Enterprise
JlH1Cn1t3Ie5oqql,Enterprise
z8TTqxe3VBs1tsdR,Enterprise
qfo4nKP9gAvzJlx1,Enterprise
hVDw6ni1EKpiE8Qg,Enterprise
g4pudnYUcUJTISa7,Enterprise
PqkBTMEuOjXYDs2e,Enterprise
UBfp108idlBYau1i,Enterprise
E0L4Eql7LgePdV3F,Enterprise
dztA0cT89hVYpjfW,Enterprise
OTeyTtyUCSwPkw5a,Enterprise
aELXRKW8ZMaExDEH,Enterprise
zJ1y5ubcJXd5S5cq,Enterprise
PqnR2ZOHo38xjCAu,Enterprise
2e0AMXvQESLunfG3,Enterprise
IiQRT0sxXee4AaKS,Enterprise
Tyw1KOmTW5WL63tS,Enterprise
EvM1IOVsQGnUOpFy,Enterprise
aEObvQVC89rss7tY,Enterprise
Hoy6ed3ZrkV0mgwS,Enterprise
IaDXMOEgS4V7Ux4R,Enterprise
84x0nfV6juGgCdnH,Enterprise
uwyuumyhkcSRVzsM,Enterprise
J8zgqNJXC1yT2Eaj,Enterprise
d2p1kloU43hL9sSm,Enterprise
b6trK2vsM5KMMETr,Enterprise
8zRwKCEN0pdhRcRL,Enterprise
Get3HP9uvtYJmaCe,Enterprise
fY5BCSf1tEFD551x,Enterprise
NP3BxOKtpBLYZ4Ct,Enterprise
WHFqWlApWFtPwmQ1,Enterprise
cYSiQvrz1MVYdGnP,Enterprise
4IBzmWryqJ8CwYln,Enterprise
53EXjK3DuzHLSW21,Enterprise
3T1gFCZso3Js9jQ3,Enterprise
sIwgVp52diQBk1in,Enterprise
htTLHtkGGUaSDh83,Enterprise
Apl2lJdJNS4hOvb3,Enterprise
K1plJixqIv2vf5B9,Enterprise
sH8gN9H12Ij5B6c9,Enterprise
13VFaWBh5UvBMxYC,Enterprise
N3N23V61nQFKlJp6,Enterprise
yb7mFLSmpCiUFw5Z,Enterprise
4nl3PE6a87T7JOod,Enterprise
ph5SCrgGQjCEfoo3,Enterprise
eT72Ju7c5tGJrHgr,Enterprise
onbMbqTLefaG7mRi,Enterprise
y5ju3eHh8UKICf7i,Enterprise
61ySP6FAyz4p8u0a,Enterprise
bW8GbTd1LvFvT8e4,Enterprise
e1RTlsxMOhA8bZXa,Enterprise
knarkQmkF345tjzy,Enterprise
MpMypuIxyaG3IeUq,Enterprise
E7RmpdRvtgq1IHIi,Enterprise
6fyk0qScXeiG4Vy9,Enterprise
YTGciwvo9UtaOAbv,Enterprise
2FC9zRkRNMIuHM9f,Enterprise
MIWd2bWfuHVRRcSw,Enterprise
8BCwUv1QnNIHhW5R,Enterprise
9oLUA2W01ziFGpji,Enterprise
CuPwoROGVkc0KIRh,Enterprise
G1cDehRhQ86H1sNu,Enterprise
65N19dZ8nIrh7jyJ,Enterprise
QUxM5na8aBeKf5L3,Enterprise
iqc3FoH7y7Nj9NEt,Enterprise
AbKL1ToOhZ60RCrK,Enterprise
zbd7qNemOOP4DeXf,Enterprise
kExCFF5eXtIvsUo8,Enterprise
mu5YZbppT26BLlra,Enterprise
oVoQJGWtwHpOODOl,Enterprise
0gkAPegHlAcHdw2P,Enterprise
xKOhBkDsB4BUT30E,Enterprise
v0jWzFBZZeUBmbFT,Enterprise
jcdxIxGgtdNZiriS,Enterprise
kq4O34DFW1ZuYduQ,Enterprise
tznwWv7I3WK0SjNr,Enterprise
RdKxnDRmMoCOdP5e,Enterprise
U3LQGC6j4Gsmzo4T,Enterprise
3KzTSI8MA44fB6fo,Enterprise
iwr82w3d5V1aiVWm,Enterprise
MurSy04cHz1u6K8g,Enterprise
nVBqLZmXGKgEVFoY,Enterprise
P5S7r8rNq3Q1XGhf,Enterprise
kQLWZsbMTAzQOj7D,Enterprise
OzcTFe3DXP97mJXV,Enterprise
5rnupwbKnTU5k7y8,Enterprise
i7RCrdKryaLbEwQP,Enterprise
9SAHBaf9pZBaoI6M,Enterprise
a1Smim5Yp8hudL1Z,Enterprise
RqJmrOn81d4i9iFw,Enterprise
gxYZhoIRrmr0DDcl,Enterprise
o6YRosu64tbdMrm7,Enterprise
ED9fGE6cbpj7Ncqz,Enterprise
ssjTt6JeXIfiXNgb,Enterprise
6YVVNfb5ZyJfIIRA,Enterprise
OJ21HRhRAZZoXERg,Enterprise
LGBvU9j4y6pVLX7L,Enterprise
6y44ftlHN723Q1XY,Enterprise
0qyZsAa5zT73EpUT,Enterprise
2FaMOEm7JXesAa7V,Enterprise
jn0X51u9O0YPBvDq,Enterprise
XwFgbDfuvTEwi3c9,Enterprise
Ls1wN0WzUHUFnJcd,Enterprise
7uDtsdO6lKYO9Xg0,Enterprise
vw4AmUPZjol9bO7d,Enterprise
cg0gSljAI4Wmwycj,Enterprise
DwJo3GtwKys8EAbn,Enterprise
OF9lg2X7ow5BQUUZ,Enterprise
0d6KqhtfqlGXuwNv,Enterprise
gqa1schROUV2dAkC,Enterprise
P2UIclvWTG0tOHNs,Enterprise
XIWF9hYOVO5Bg59r,Enterprise
pu9ut0voUxPrROD5,Enterprise
sG5oH0re36emDjW9,Enterprise
3Cx11p81DcjEgtpQ,Enterprise
ACVhA0PBdybDNsXp,Enterprise
i6yC2VXkZ0LsDvQz,Enterprise
aB5jnmEpnUjAwlFv,Enterprise
eMRKmyiXQX2pkNCy,Enterprise
cF77W467XksPEDWG,Enterprise
e95LOBfBGssxD0gA,Enterprise
21sctYSDYxr8V5ux,Enterprise
d0kgiaXDXpwYK9MW,Enterprise
x9fHEwTAomRdKkz9,Enterprise
69gNuSjMB3h0y2gi,Enterprise
oSZeqFN206kkVhUc,Enterprise
mKFpof01k9hoG6tQ,Enterprise
RhPujQF7NDLscwH1,Enterprise
5s0AjuAlJfrm4Mnq,Enterprise
rNmBvgdE3oFdu318,Enterprise
0r0SEfiR9XHWeWjW,Enterprise
Lv6E7D79iUpa2xYE,Enterprise
RoGH1GS1jJzdVxbP,Enterprise
IefxQmOVr2k5Ee8P,Enterprise
XXcu1B1pJmPCK2S3,Enterprise
2BF7iGx19xmPuBbw,OD
x6bWpW5hHcyFaTCY,OD
g3NcDqUEXphEJswl,Enterprise
k52v0o8FPASNUAqq,Enterprise
n7hOCF2Z6Nx3ebs0,Enterprise
1blCBMvTkN2rJBjn,Enterprise
K6iB0tmeRcDTjO7f,Enterprise
j2Od7Gfz2tRnaNgR,Enterprise
URH9LVZTSK2eAJKC,Enterprise
Wcab7DsFoBko2SPx,Enterprise
Y7knoc8sneQrpHGN,Enterprise
uwA0F4c34hX5JAl8,Enterprise
4b7VXpjyNFjNxD98,Enterprise
R6A0XFRR7vKVPPkr,Enterprise
qnuHsLayZMKXeXa9,Enterprise
fhHnifxLSChBlJpG,Enterprise
q3e0pCMCwTPGyeVG,Enterprise
pRHUHkdtjuPX6eAi,Enterprise
vFXp7au5WQo480DI,Enterprise
6l7uEjcoL7o77Tsr,Enterprise
QZro9RyXLiG8tah1,Enterprise
U7Hxh1ny358a2z6D,Enterprise
gZ7uW8IdIsQ6kgo6,Enterprise
s5bKc8KPLg4roaF7,Enterprise
Nq5gorLXe1yzJBVx,Enterprise
ub4VoUB5NRZpm5UF,Enterprise
jrAIx8onucEArMJX,Enterprise
jRMdZsDO0ojMXrt3,Enterprise
ci4Tdb6SiBs3eMsb,Enterprise
8RH0I35EfUcbabwU,Enterprise
8Tj7FV1tTrJNxLgA,Enterprise
MgzO69Ew0lKxr25W,Enterprise
ANvsHAxHEqofdo5L,Enterprise
aYxPpOvMBZaSywpW,Enterprise
5isr2TKxBVlHsyIv,Enterprise
MGrokknuylT6wipj,Enterprise
EUNgetQs5bGw2zk6,Enterprise
MMC8ndtYnSggVz4K,Enterprise
snqxOk3jDEaLeflh,Enterprise
sljZDih16fX9pHlA,Enterprise
xINY9GPHQNESI65v,Enterprise
8m2SNdDdV0kZ7lxz,Enterprise
VzG1raMEeaPjZ7Di,Enterprise
ENLrm1hPclQWXrnm,Enterprise
5Z0MsllaC7yvP3f5,Enterprise
uyjekXtBzvK9Iuti,Enterprise
AknXsuO2e9kV85gl,Enterprise
KAReqDFqn4huGvM7,Enterprise
vb8uZZhdh7gBX4Ro,Enterprise
uRLudju4Sxsa66xN,Enterprise
XwjDELuddeJU1nyA,Enterprise
r6EbmbVffDfXwhpU,Enterprise
PNKmaAZiBUXV6w5f,Enterprise
YENi1UdgrR0mKJuG,Enterprise
eWizKeIgxR6zKmoE,Enterprise
ofNLgwR6ldd7Ks0p,Enterprise
gooOYK7arzjjKZPq,Enterprise
YyKnLHVPuOsV8aC2,Enterprise
tECD4JcOz6eHANq4,Enterprise
TTgj3zfD3toAN88I,Enterprise
Iq9p2c2NfHK99Bx3,Enterprise
9YOp9Z8NfIui3RKR,Enterprise
b1x2inbA7678EH8q,Enterprise
5BZjowHg9GHC4hBV,Enterprise
X4lIr0ogo85T6F5l,Enterprise
wby8jfE5ZHGn04M3,Enterprise
T0QEeecADzHZWSLH,Enterprise
57G7fJF1KIFDYTrm,Enterprise
DP1LHvwIHnM3S73U,Enterprise
xpTMyzdyQoVcWFkc,Enterprise
8CK8ynwHHFE0MV0M,Enterprise
uJQBngoQKWkMYaVs,Enterprise
5r5EFIQWG6aDdDSW,Enterprise
IVzx6Bpy9xUu9TQ1,Enterprise
lEEIcC6IUL7CurqT,Enterprise
1SR22ncebtI7yROq,Enterprise
c23wa6MxXVXJ8t8x,Enterprise
Dxv8o39lHEDc18bR,Enterprise
Nld6PqQoO60u4IM7,Enterprise
yHS76aGS2xDfglzp,Enterprise
L4qBxxjD7jlVjfgA,Enterprise
PQW2AEF9vB0W10W4,Enterprise
w3mdix7xjzM3iE83,Enterprise
7K2uQMbYa4MpvrpP,Enterprise
QV3ip2xMKWotndAf,Enterprise
4KssbeG1ywOMWt13,Enterprise
yfyjimK3vbprg6J2,Enterprise
pxcADGx6vVKNS6WT,Enterprise
Zxq7rLyVb9xWrcl1,Enterprise
qSPaIjuHPfQRjEKj,Enterprise
FCN6aEQNHAE2dJyJ,Enterprise
joNz9xd4rTsiz26w,Enterprise
5vQ6sBBmfv8XSkpE,Enterprise
zaG8FvfAcVnInMGR,Enterprise
AYdGSUup8WGe5hi8,Enterprise
xO9FWlvVo6bem7uy,Enterprise
tFvrgGawSUhzyl0z,Enterprise
Ts6UfNZRq59Y16Gx,Enterprise
ncM4qRCDihNjwLR7,Enterprise
6bbUvZfeSl1P1t6b,Enterprise
CLb5yttIl1i37MQB,Enterprise
BXQPH3agjnYQJA4e,Enterprise
ETUWKp6tS4ut5d2P,Enterprise
Wf0ka5j125QXNYQh,Enterprise
TDGum72MwchRML6q,Enterprise
mE87Ifi0edqPTjPs,Enterprise
hC1q3QQeglzDgyIr,Enterprise
xg46XSGymFYX2wEQ,Enterprise
SaRDLwA8Odv7XHf8,Enterprise
Ogi6WJR4n5o17rvB,Enterprise
ZgPHvTYVrtkKCpZR,Enterprise
dRpFdzqWZIkJiGk8,Enterprise
Zvg3RUyxjxjFB3Ll,Enterprise
iVt98mw3H23IVns5,Enterprise
BvaD6xkXtiZ77Twa,Enterprise
gtKKuwK9yw7JDuAR,Enterprise
IL8oxcHG3R31wKi4,Enterprise
xCFr5X7YI1RNmixm,Enterprise
N0hlkclB4Q0PXASw,Enterprise
lWQupJuO2mAQqVHg,Enterprise
BE3jG4XlBaJ8GEOu,Enterprise
7YQLOAwf9pkmmbzc,Enterprise
S0tNMq83vYe6sSGB,Enterprise
aaSjkLlRaFbTeO8N,Enterprise
J2FHVQGS5BhQRbaV,Enterprise
ksp06hMZ8cyKQDr4,Enterprise
X5mnBYTzu9nN4Qb4,Enterprise
FtubNhUEQBPoS3sZ,Enterprise
dlmgfzLiFOKcqryY,Enterprise
maapgcw4ou5y06ae,Enterprise
maapahvw1r80fk81,Enterprise
KqUHltlN3mfDGLGM,Enterprise
maappnhrnqux962n,Enterprise
maapr9sahb84pgo3,Enterprise
maapaqfht7x0q45e,Enterprise
maapyrx6hdlxwd1f,Enterprise
maapr6bsx1f4joce,Enterprise
maapu7j1l5yil0j0,OD
maaplgpnhapx22lv,Enterprise
maap7ebx3pd2fi79,OD
maap2gul2g326cqz,Enterprise
maapu3rxs3poemcm,OD
maapb7weyp4gg6n2,OD
maapjks6dv93898j,OD
maapecyq1mnwls3n,Enterprise
maap70b7egkw5b9w,OD
maap9gl1b95llafu,Enterprise
maaphqpxawan0wkf,Enterprise
maap05clsdnyresz,OD
maapjps4exelxsg8,Enterprise
maap2allxfcgsto1,Enterprise
maapey1zf5x9u3a7,Enterprise
maapobhpckr26y61,Enterprise
maapoa18vqdvlbe0,Enterprise
maapwkxpickosb8q,Enterprise
maapfsz1uwar462t,Enterprise
maapvytyex9s3hnl,Enterprise
maapmnvgru8o7vr4,Enterprise
maapsmmvsi1bgnyy,OD
maapche39cha40ha,OD
mapp0nisfreqr1eo,Enterprise
maap15bisknei34z,Enterprise
maap3etswd09f86i,Enterprise
maapolh2fhjz22d6,Enterprise
maaprfjaj4ebvrrr,Enterprise
mapp714nhnyf9pgf,Enterprise
maapfrpj8593nxvq,OD
maap3gv6foku7vjt,Enterprise
maapg1mwwatjx8ry,Enterprise
maap545nyhizicfe,OD
maapg3s04rmxq75c,Enterprise
maapwbw4u2lgxci0,Enterprise
maap2xal3r2t1gtc,Enterprise
maapy3y228g6g7nu,Enterprise
maap141cevfatt8s,Enterprise
maap8552ht8lem5b,Enterprise
maapp794xk7a13tx,Enterprise
maapzs2skcak1aw1,Enterprise
maaphw56yn3zhyaa,Enterprise
maapglp3ybe7l53p,Enterprise
maaplc8szj7dl9oe,Enterprise
maapq1uxz8y04aas,Enterprise
maap2Y93vkVH8vYD,Enterprise
YTGciwvo9UtaOAbv,Enterprise
sH8gN9H12Ij5B6c9,Enterprise
KAReqDFqn4huGvM7,Enterprise
Y7knoc8sneQrpHGN,Enterprise
maapr9sahb84pgo3,Enterprise
hj1SDogSI0CFGozR,Enterprise
6fK5QdWJi2LC5A8i,Enterprise
T8qLvrXiopVZQ74S,Enterprise
x87rmWGPKtwe8Si7,Enterprise
RtzshoEDV1VRyrNc,Enterprise
YVK4yrgT5GDZQHcD,Enterprise
08ZjsIUo7fO4xAOC,Enterprise
t8cxzDs9l3lsnpvt,Enterprise
maap8s3t0rw9jyvj,OD
maapo59h8h0spare,Enterprise
maapx8myw0sa7eay,Enterprise
maappnhrnqux962n,Enterprise
maapaqfht7x0q45e,Enterprise
r6tHlO77nVxDQuPT,CPL
maapolrbhfeicbjz,OD
maapu9dkzbv4w5s2,OD
maapz8xg5eh798b5,OD
maapc3kzcp8vqwnh,OD
maapms46kk6m1vrh,OD
maap7qae70nguiqz,OD
1ODY3qmr3mqUKdi5,Enterprise
Yx6OKmRYZEZwMGap,Enterprise
BQqaHYQKheNUNdxS,Enterprise
maappw5bzjv16x9f,Enterprise
maapwv22oseo3qnf,CPL
maapnwrw3261rr3x,CPL
maaps9r9djvu5r7s,Enterprise
maaponifqqibup3v,Enterprise
maapq1th9wpjrcas,CPL
maapdvj8a7n2drfl,OD
0sXjJqgBRcn9uQYa,OD
cTiftYuyUt26Vafl,OD
ko1dMmd46mW1eJHB,Enterprise
g7csYX0ogP0WdE9i,Enterprise
BPXvPgnQFcGO9vbt,Enterprise
G50JBWjbdnKHpjHW,Enterprise
jWWmMvVknKu67Nf8,OD
INyz1lBjwDst5pa3,Enterprise
KYuNrPvlTejRDhrQ,Enterprise
QtFRMHA53nyco5Kg,Enterprise
Yv2uE37z6jWJzAo9,Enterprise
mx6x7FS80mLz23c2,Enterprise
qyI4xZkJo44DiTpR,OD
QrXtm1f2AwOUhM9G,OD
maapdtf6qxlcqitz,OD
maapuciydvegq6tt,OD
hfAbHOuMDOQ7O0bB,Enterprise
rei4eSrjEs5xEdY1,Enterprise
Tnf8wc54P6m9JLDT,Enterprise
BDAsyRU1Wxv2jKXR,Enterprise
W7q3l0T8a9kx9BGz,Enterprise
61QyuSw6rfyu90LF,OD
oZZiOFk247qRH4qx,OD
ygasrFMsBO3Yi5Nc,OD
maapygigk4cmv6ib,OD
maapkucfpikx9h1z,Enterprise
maap3gai9voc4hig,Enterprise
maap5om503a76l9i,OD
toeO3D85nStD3wiZ,OD
inSA21vuo5Sos5LA,Enterprise
yATKN3e2MQEmMvGm,Enterprise
Ndl0jW7SmAgN3bam,Enterprise
jUC5fgiyvwBuvpaB,Enterprise
unVCa477Rl3aR132,Enterprise
m0qah7pHf9cvYoot,OD
maapvtixxepgu0i4,Enterprise
maap6zuabzugqg7q,Enterprise
maap1xa3f1lmrfcy,Enterprise
maapvls4mjfzdzc3,OD
zlpiwztl7oej04oc,Enterprise
maapkbkie1kpaqi5,Enterprise
maapxnn96lzdvzmp,Enterprise
RVhkBMCmI50mNRTS,Enterprise
1mRfOqvC27gNSSx1,Enterprise
SyIHbU6wUFhEmOYi,Enterprise
ydnIdrJi5rfVETJr,Enterprise
imr5RBZY95kqNVfm,Enterprise
6EuQL745IBRZhlVD,Enterprise
I3Gxhfh9EyKTcKJ3,Enterprise
OKlXpXProWRc7Kvf,OD
YUkwSmo239qb5qSp,Enterprise
maap982fyx77xleu,Enterprise
maapw67match0fuf,Enterprise
qUg7VKWHeU6Wf6pJ,Enterprise
nei5jHjSi3r7fOzm,Enterprise
L955UrRWocqrX0SY,Enterprise
AIpf5i52pZkVYuJM,Enterprise
fsgDx76cBOi9LW9R,Enterprise
z29fhNlusIid7Czl,Enterprise
L5r6E7vPS7hauvM5,Enterprise
7tenOycU6Ne5YnT1,Enterprise
DjzDlD0XYZkPLLXB,Enterprise
hjjOkMJQB6GVb2ql,Enterprise
N0ynNUaW4lB28m85,Enterprise
Rdx1vPdNdP7TVe3T,Enterprise
1dkAnRKJSSBgvDFQ,OD
9qFGSfUhm1axbrQY,OD
2OpBW5L0PEA4Dmit,Enterprise
37kLys68Ksxs9C7Q,Enterprise
bEtJodDn6Ifs71Za,Enterprise
Y7Ec28SAYhQf5cva,Enterprise
ahM2mJkilbpoGCxv,Enterprise
b6jWUNxGqLbo6eGe,Enterprise
CKMicD9VJgkOfgFl,Enterprise
YWFtbto7u1zRnC9u,Enterprise
TNgf16Dujqi4yFs8,Enterprise
RCmofQIhIm30ESWh,Enterprise
SQNyAp2N2KHMmIPV,Enterprise
8trX2EzZPFmL8h7z,Enterprise
tJ64AkiDFGx3Nah3,Enterprise
NdfW20j97crI33PQ,Enterprise
Yrr0qxUVhiFApQvD,Enterprise
Se9fqDKVDuMSjxGn,Enterprise
cZoU5jt2MuirMvqF,Enterprise
vtLwTRkMKjJbazi9,Enterprise
wxTvUMOD7VWTLqOS,Enterprise
AapT2GgIEUqcJ0Yx,Enterprise
M5pfFmRyn2JokFs2,Enterprise
Kj7oDwgHWx9mp2MH,Enterprise
jNAnKY65Db3YUqS7,Enterprise
K7rsneRXDBQQitLX,Enterprise
ACc6UwIjfimZZlXd,Enterprise
zXQz7y7nYfR2Mc1f,Enterprise
QbxrzuJ6rBt52bgu,Enterprise
TurdKmHhP37VjBqS,Enterprise
F2Yzi41ow9wcCQ3Y,OD
DJavz3EXP523KCY1,Enterprise
sskYUQlpsr8mIHf0,Enterprise
fI3KJZQW1CnnVupr,OD
maapxg432f8p9gdy,CPL
rtiLhGhbpNaQwRhG,Enterprise
ZEx6NVhZu1zAtaK3,OD
Y0rTMCa3nyIUYZ8h,OD
x5bH3sNbyV3gfwwY,CPL
9qnsQ5X8ETYeZizq,Enterprise
pWpuKpObjDnseiGI,Enterprise
KhMZ3lMOEK9EDBKC,Enterprise
d8fpXlN4l5C5v4KL,Enterprise
PFY17Wy5b1PS2834,Enterprise
Rdncr07K2qEInO7l,Enterprise
AgUPdo5p3zTdhohZ,CPL
9IQOribbvmUwU9DO,Enterprise
yaOdG4rBwDOa3PpV,Enterprise
GIpmgiVTLDMcrWY3,Enterprise
1Ursg2obDOjVzYP3,Enterprise
o9D2vSrHuImP677k,Enterprise
kZqqQ9yuZt1uNvB1,Enterprise
9zCzjGggqH6SUiVJ,Enterprise
auP2DYs7l703bbu5,Enterprise
auP2DYs7l703bbu5,Enterprise
BcuMysrBR1Xyh97A,Enterprise
wjIgcR1OELdcHO8s,Enterprise
BcuMysrBR1Xyh97A,Enterprise
EAEwJ8q96yHwAya3,CPL
EAEwJ8q96yHwAya3,CPL
hgT2OFquEhY1L6r9,CPL
hgT2OFquEhY1L6r9,CPL
wjIgcR1OELdcHO8s,Enterprise
BcuMysrBR1Xyh97A,Enterprise
J4q3OdDH1qcqXiEI,Enterprise
VB5soigyr02MVAPv,Enterprise
14dxTYDqeaB8JlHF,Enterprise
YAKchODTG8BcSHNQ,Enterprise
rBwH8biZccaz0wKo,Enterprise
dEuyygg4Jh5fcy14,Enterprise
uVIT5SXXS1v97rIM,Enterprise
kr0Do2OXSWt6JvyG,Enterprise
oNCJqj8ri2npA71y,Enterprise
fhIs6lE08MJtEL5j,Enterprise
0UemeDOFmBwgJymf,Enterprise
2F6GczFLZvbCXxWt,Enterprise
K7zqSX5LtDj3mWzi,Enterprise
CzPn1gLdLjicMsTu,Enterprise
l9V7D03NebM5efaT,Enterprise
BlQTod1aRH53LpOm,Enterprise
Ux4TwxYFYsPumDDF,Enterprise
IJUiIaG8ZPnlATyI,Enterprise
u8Ojs8p5A6VHVMLD,Enterprise
PFuCd31lx2126PAu,Enterprise
GGZQ7b1iiPYoudbU,Enterprise
PkqnIYE4xq3JwWxI,Enterprise
pUXin73JrGZrb5YL,Enterprise
3MInQIKXlV3KpCWC,Enterprise
7hNejjEtc631t30l,Enterprise
jE6QZcyjUOwROeBt,Enterprise
qV48u3JdsQcnKD5r,Enterprise
9iTHC2bEH2iZGFRj,Enterprise
7vwNjTno0FBP9iEd,Enterprise
2sZKDkCxwDsFjQIe,Enterprise
P0YjOtk2vHNJabD1,Enterprise
0xdcHEgdYwJBqvg6,Enterprise
3ty93r2GlXCOMJcm,Enterprise
9fO2D6kxdg8ptPOT,Enterprise
D33rkQ3wNOXulw9n,Enterprise
ytcsvCbPq8DIbFtQ,Enterprise
QFvxipFWXwF5TYEW,Enterprise
AwZt3rEAVIsl9mx9,Enterprise
z92S31graWxscAXb,Enterprise
wirMQwyeqzxgmNYe,Enterprise
UQeJhuNU7ZszNMKt,Enterprise
462zlLPnnuu4CNJ7,Enterprise
YQGKiuHoP9hRVsN0,Enterprise
DxmmEx2wsvQkJBmP,Enterprise
GWb47Sb3chzPCZwS,Enterprise
a9VmzVvEPeXRYIYQ,Enterprise
WnuZTV0lhf5qF8VE,Enterprise
YVnKJyolZsmGg1j3,Enterprise
WrwstUfQeWXJlPbO,Enterprise
z1jTSuOfZrQ3BG4Q,Enterprise
vsEMnMgtkgjZvTbR,Enterprise
aw20148LKs5nCvGD,Enterprise
pEtSYonmMNXHA7G7,Enterprise
0sSYzm4uUXk2W5G6,Enterprise
KMi8CIcec421fQj0,Enterprise
vwkkqhN8RIooHFLk,Enterprise
8Yhj4p6WXdKW4Sm6,Enterprise
8ptu1UJ8FfZ4KbUo,Enterprise
2ehM24brZSQzaTf6,Enterprise
sGdgD4QdIyBi4jaN,CPL
6Tz9XKTUUxGbvReR,Enterprise
JNqJ9rKa16NuZq7m,Enterprise
6cJbReIe1ExgguiJ,Enterprise
RCn3FQwV8MTvJ1Vm,Enterprise
oMssLlpi6aH9FMZQ,Enterprise
ylWkrUg3SLfVVZEe,Enterprise
aXAv8NIc3rGwKodQ,Enterprise
u5RRxhVtvXRii5dF,Enterprise
WXNgvf1gYqjFVr5g,Enterprise
C8PuZHyNRRMy10HL,Enterprise
iGdPyDhZC5fjcjIR,Enterprise
srmlR6X3WZStWFQ6,Enterprise
nB64nZB2pqaOeI9n,Enterprise
4EpLeSOxYIeHGxzo,Enterprise
wgn4jbWNKT3e7QBy,Enterprise
Ig49kAdhf3Sdbz5p,Enterprise
NHaVrIRKDN2u92ZH,Enterprise
RW5rQpQ3T9YSTYH5,Enterprise
81EpbZqntBk5ZbgI,Enterprise
NwcIrz2v7TebQMfe,Enterprise
GANUs315DOjymLqW,Enterprise
jtWhUS4n6Tyb1PnV,Enterprise
XFOBKIqryfNsfEiP,Enterprise
ZYD47TfSJkgyMQwP,Enterprise
e1Lnq6aa87CaX8Ry,Enterprise
rD3y38lFZBq3sVKw,Enterprise
5b2tjwEqiZUFDxtv,Enterprise
KpEaAemkIoUm4pCC,Enterprise
1gkxgS9KVdeAcP3l,Enterprise
Iet3wR1C6GH0dY4T,Enterprise
t7IWUJi5BTJzxKSn,Enterprise
j6deCtpKeF1dEFJm,Enterprise
hzf1zjjkNaBQoMHj,Enterprise
Vnhnxeesb5VFo8Mg,Enterprise
j6deCtpKeF1dEFJm,Enterprise
hzf1zjjkNaBQoMHj,Enterprise
Vnhnxeesb5VFo8Mg,Enterprise
DlpYlIMIUtx9iA9J,Enterprise
YHnkO7qezHOYJ6Gm,Enterprise
Ntrc3bjC9ZfvLBNa,Enterprise
Be4MHWPoem7LqFY8,Enterprise
iStdWP36WcHtmwdf,Enterprise
0knReP0Z1QbrHP6u,CPL
YrHH8DkmilHi9mXf,Enterprise
mK67KIyXM7S2CTDh,Enterprise
KEuwCE4eGW7T0zHT,Enterprise
KdX0qE9yiTRkyjrL,Enterprise
1AlbetKfkHRdqez0,Enterprise
1KfD6KypS7POfODU,Enterprise
rKIfyZ8mfRycBAp4,CPL
MEsNiFhr0R2vp7wt,Enterprise
jzz61RUO7BDqanpW,OD
LFkA9PZg07KRNTf5,CPL
pWWaORB9NWO0SaQd,Enterprise
UYIK0ZBfWgKswNSt,Enterprise
1nHwjSw5CRHELX2O,CPL
iCAs7iVz41YsTZUy,Enterprise
EhgYIHnS4NoBSVrX,Enterprise
l1TqLE5UjARq9nIA,Enterprise
hDDqWTCjN4bOHgN4,Enterprise
aJilk1pTjUISzIEp,Enterprise
7yCCDjFIK2aya9Yu,Enterprise
z5TLfuK5LEjlro3W,Enterprise
VV7m8erwvAdcC1Jq,Enterprise
F3Rw5E3DkEazd7Er,Enterprise
tO5LSZD0wYAwfugs,Enterprise
gOonBpySWXgFXfR4,Enterprise
FqXcxtYszx7ZNOfg,Enterprise
Gc41iXcSPj6NBzpB,Enterprise
JxRT1OOg92vX2Mby,Enterprise
KGXgPbKWYn9UWuj4,Enterprise
57Eo04ZEObipAjsa,Enterprise
kY14gyZsoceQEfJi,Enterprise
5eIOfIPTtrG0s0Kq,Enterprise
gR0iJsRmECrmTkZj,Enterprise
2YYgyAW4VLCbDjpp,Enterprise
i2GBtT2kqRxg8oFo,Enterprise
4lE9phxsQb1GXSBl,Enterprise
7nY4UurLX0toOL1w,Enterprise
m7EnVZVWaDme8pbn,OD
P2AJmxI4jydUbJUz,Enterprise
m40THtmFDACZ0x95,Enterprise
KwrU5aC3HFNL3jBs,Enterprise
nJ0NzImuPIh5khiK,Enterprise
d6Ir2lNFx4NxiTVU,Enterprise
MtlqnyssDiB7UMWQ,Enterprise
2IiCeWr8nCPTplsr,Enterprise
dSp6MMIhBiiRzxL2,Enterprise
Y2hGxB0HCODmHhlF,Enterprise
YbT2EaBDGQRJPS3e,Enterprise
iGiPRL4Hql4U8c7V,Enterprise
rTl3WRPClzF4wkPZ,Enterprise
ObddPN0artc5obzp,Enterprise
0jElprAA8ddmMXHv,Enterprise
BvZTblN7fGxx9PfE,Enterprise
qPDGpNDSa3248zOa,Enterprise
c9TeRHrU5KyMXb90,Enterprise
1rdznfBwqxuE8SPd,Enterprise
IwTLlzoxwNhhx62N,Enterprise
XbcIJsSICym2QJIA,Enterprise
D8plfZcaC5pgnrQv,Enterprise
sO4LIIH1W72t3Arn,Enterprise
uJJSlAmedvUsdXXP,Enterprise
U73q6vCnbpMT5QZb,Enterprise
5CX2ecGmdqp2XKpB,Enterprise
6q7R7ukvEcbenfJ2,Enterprise
71rzNsGkmsKfHWrA,Enterprise
wjnEkysWMJcNgJay,Enterprise
KkbgutqHwpVZe4Sj,Enterprise
274kwh3GAnm7boyr,Enterprise
lXuMWIOkf5pYAHV1,Enterprise
FKhRryzC1QbZ0shH,Enterprise
0h4k8XyXBFluFCoA,Enterprise
M0oA8lNjIuvFddT2,Enterprise
bVEdIoQqM4tAPQRC,Enterprise
DhMGWiZ9VOnHenNj,Enterprise
ICTEZpEMZF5XqiAr,Enterprise
eliY2lHiUZN8ZsuX,Enterprise
MQmY5RgUuzxCKRxi,Enterprise
uFhV3z1qZK6LBB35,Enterprise
QZShW9jXWyric1LS,Enterprise
fr0a4gFbIlSb8xOl,Enterprise
BfAxQyHsGQTguATV,Enterprise
N7KVZQCFXwJEJFU8,Enterprise
n4uTV8zyeRtMyn5e,Enterprise
qWHNF0sRJwaw8B2T,Enterprise
cuNuEl8dxXYtpOjo,Enterprise
cTQefU83BtmxSaJK,Enterprise
LW50vwF6nmaCVr7N,Enterprise
8GAG9pKIo2DhWeDu,Enterprise
8aTrbAaTpE31Cas2,Enterprise
WSxp6txR5nCnzz03,Enterprise
7oj5APYI1pq1X6um,Enterprise
1kqU1h4W4268NSf3,Enterprise
KZjSaKZP9Te65R7j,Enterprise
mJU3MvZmbGqsupWM,Enterprise
Tz1LW2F4w9AYOoW3,Enterprise
L4nM6QkpXZMWNp9W,Enterprise
U8bOPLKUxerecnB6,Enterprise
WNLVbzdbjxsMpVwG,Enterprise
dyyuLpMaTgGpAE1r,Enterprise
3tbQLf1YbJarCbuX,OD
HXcPtRGDkX2I1qot,OD
kC2au8EG7poet6TK,Enterprise
SpsIRm8rHMRctFHS,Enterprise
7LdYLLv8RGTkuh1o,Enterprise
GkOXcJ5tZ3IgeesZ,Enterprise
6eWeSLep6ChVohb9,Enterprise
NTY0BUV9YWHKyY86,Enterprise
su2kcHWF6wkL3MZ7,Enterprise
qntnFit5jJerJJwB,Enterprise
gJ6fv7Gw4O9iOJvX,Enterprise
lT7BJs8F8RrZ9Lww,Enterprise
gNRxDZEVtEL5tIxH,CPL
IqSerLkOBzAphrfo,Enterprise
TKGSPNjG7IER055q,Enterprise
EayJWN7M5yrvkHv2,Enterprise
qDlBpjbe31YOQ89k,CPL
A1O1HSgQM5pkHP9r,Enterprise
zUThaZM8pHZgBLyv,Enterprise
SsrMfRajJAnqIsZ0,Enterprise
E5pS2aqpBVRF6h13,Enterprise
qGyngCTkUpkRyNPY,Enterprise
FZkh3NwSGvXxs1kK,Enterprise
KVryxNWESrXZfRdx,Enterprise
Z51e3lhXmo8OZX6V,Enterprise
juJ6IY62MvmStg24,Enterprise
QOoF0E4aY3gJodqx,Enterprise
syQ1zq7n25Alr71V,Enterprise
x5FMJfOlWKbPWrLm,Enterprise
SF22Y0MDdEKRTOor,Enterprise
XGELX4ZzeVvxNVlk,Enterprise
8SFjofdfvxOSBCa6,OD
puSFRe3lBb2gRJ3v,Enterprise
2uDdzPJcqo5tjg7e,Enterprise
JBCNIUcyKNDG2gK6,Enterprise
X9JwKvcRxNZW2JDM,Enterprise
HiZhLJjBys2Qgupq,Enterprise
LgSqgtiwTOCZKDYZ,Enterprise
3AqZP1FC01RdUfSy,Enterprise
fDtLPG2rNKuVwaaB,Enterprise
6EBZSZ2IF8r72fKr,Enterprise
kpb5Yxmftke8rOu7,Enterprise
3JxZvuTXFKoKxBNR,Enterprise
StIH7lb3D8vvm0L4,Enterprise
qaIYaxxP6vbwVLwS,CPL
yn9Ib5H7612OzCMh,Enterprise
PJAF5W3te6wfHVEy,Enterprise
7s6on2g4fozEpqdp,Enterprise
eeD1slU2A9EyQLgi,Enterprise
YpwYrc5WawH2s9Ep,Enterprise
twygFU0IFnSzhufb,Enterprise
wotwCN6FadYBcVu2,Enterprise
b1nAiJtOKebvhdm4,Enterprise
H0P35GBa1wcgm82v,Enterprise
bS6tMtLckwgEgRbE,Enterprise
P0xW64fTsQtnf19h,CPL
9Pa8wbpThtkjc83O,Enterprise
FCxBbjeOgxD6RyKD,Enterprise
tGcuUYnQwj4ERbh6,Enterprise
mSZoLQy5SMW1a1xF,Enterprise
VDQqmTSlWvv3DqW6,Enterprise
FCxBbjeOgxD6RyKD,Enterprise
EHNAWVvEi556KqLW,Enterprise
ngo0biRPAOyIffvE,Enterprise
vtJQOUj0V3oez0B2,Enterprise
KxcHX0la2UM4Ht8t,Enterprise
N92OD9fgdv9YUT5F,Enterprise
J7efSgbOwk5zxPIB,Enterprise
FOGw0rA1nc9NNoqb,Enterprise
YHcm4eBhTumIexHa,Enterprise
C9xVBNwpELS1xHaK,Enterprise
R8jeKj4sBQyuGyuj,Enterprise
OtcEkZPU9hPfxbXq,Enterprise
CFDSokmvL8xdcFLI,Enterprise
6q2VKur12GriU9vf,Enterprise
aL0zpKfFT510eBwd,Enterprise
WEvuWmmPYQCZ5Na7,Enterprise
N1lM81mZxfM8HbNs,Enterprise
vDHer0GiJdiHGz81,Enterprise
Ayfw6AeJumOEdjSi,Enterprise
eWKQFcorCSh5UZLr,Enterprise
bBBzUWEeNbsZ0VXu,Enterprise
u4PXgpAaE4bI98ou,Enterprise
Co3U3Nyged85iKfX,Enterprise
0mysDZTKxXm2hgDh,OD
iPizGTZ0Ejx9UylS,Enterprise
N5Pt2793xpvea1BY,Enterprise
Nzi6uOit0pZnOpYm,Enterprise
36El9rly0c7YpxRz,Enterprise
iqn5icvP00nQLb48,Enterprise
g6UPBUfA6tkfHwq8,Enterprise
wzbLA9pLyoBYRKDS,CPL
Xl47e1ZiRgrpKE82,Enterprise
eTMT5ryEl7jcTv2N,Enterprise
AltGZMlJxRWQZDOn,Enterprise
aI9qQ9ILvS7Iqfpi,Enterprise
FJA7rmrvcsRoPhue,Enterprise
Ouz420sXtEuujE1F,Enterprise
N7800nluFk5eQeKZ,Enterprise
t2pDwMxXzfFAPUkW,Enterprise
DJu6bAfu2KuO91kb,Enterprise
gulra1nm9l2DTCSq,Enterprise
2uGWgAYvDHQnTGNC,Enterprise
zMftoge4vCVY85Qg,Enterprise
EL5sybhJAWQJYfE3,Enterprise
9tKYPHNDxic4A3WS,Enterprise
vmvOKluJsXwoMbJc,Enterprise
HQrRIpOFZ71W7nVl,Enterprise
Ynr3IgAAwUBPPy92,Enterprise
0ZT75fNubKMJiANq,Enterprise
UgrjZNRvnla54aSI,Enterprise
WtWC9DLyBNI0x3aD,Enterprise
90pXI9LRLINxmk6U,Enterprise
GK8maQyyNvDsUndq,Enterprise
GfS8NNn3wfLhYEhB,Enterprise
Q4QMQnYncwQrZbhw,Enterprise
9Vo63qPcUNTfXnD7,Enterprise
zIzDbi4LFAZqdb4Z,Enterprise
IXci29FAdO60EavH,Enterprise
WzH7FpNgo1cdrjtl,Enterprise
fGwGPfLZqLyUyF0z,Enterprise
FrK0ZyJ2EYS1NwX4,Enterprise
HPaFsH5xALwPIfIE,Enterprise
YQLi2mjcRuNjD6Tw,Enterprise
sbbgTSCLtspDyLkD,Enterprise
drz6dRD5Kw7sf5nU,Enterprise
OUqjf7NnlZ58p1AT,Enterprise
paWO0CYh0tsgFYWr,CPL
QOjpsLWSxol0YdVc,Enterprise
bsRGXl5blM8hm2UQ,Enterprise
e1suN5VqLt7jrGzx,Enterprise
RikE5iA5hlYJqFXw,Enterprise
7ViN4quTznEmoW74,Enterprise
wrAGEwbeuenpo0l3,Enterprise
Ryj8vkenKpWo8RnQ,Enterprise
vWv8PuGpDUIZ9v3D,Enterprise
YptIjjNjZG2tNAKb,Enterprise
lVtU513EAfp7DNIb,Enterprise
ZWBBdpvPD2n8PDKe,Enterprise
YQbnv0mMVVg6RYGW,Enterprise
rRa8jNAKINOnClxL,Enterprise
I8v4gzsj36CtMm6x,Enterprise
g9b2VE4qnF9QJfn0,Enterprise

